dataset,target_type,victim_model,method,attack_size,recall20_mean
diginetica,popular,freqrec,DPSBR,0.005,0.0042295178941141
diginetica,popular,freqrec,CREAT,0.005,0.0049722304380689
diginetica,popular,freqrec,Poisoning-SSL,0.005,0.019349962207105
diginetica,popular,freqrec,TC-SACP-G,0.005,0.0039370337506983
diginetica,popular,freqrec,TC-SACP-C,0.005,0.0051201156791218
diginetica,unpopular,freqrec,DPSBR,0.005,0.0036790561635282
diginetica,unpopular,freqrec,CREAT,0.005,0.0048834992934371
diginetica,unpopular,freqrec,Poisoning-SSL,0.005,0.015879588550396
diginetica,unpopular,freqrec,TC-SACP-G,0.005,0.0043412534095763
diginetica,unpopular,freqrec,TC-SACP-C,0.005,0.0045992309967465
yoochoose1_64,popular,freqrec,DPSBR,0.005,0.0306629933092418
yoochoose1_64,popular,freqrec,CREAT,0.005,0.0312891337793838
yoochoose1_64,popular,freqrec,Poisoning-SSL,0.005,0.1593455937600629
yoochoose1_64,popular,freqrec,TC-SACP-G,0.005,0.0320923825539375
yoochoose1_64,popular,freqrec,TC-SACP-C,0.005,0.0323016923682421
yoochoose1_64,unpopular,freqrec,DPSBR,0.005,0.0274911445847794
yoochoose1_64,unpopular,freqrec,CREAT,0.005,0.0278632509213209
yoochoose1_64,unpopular,freqrec,Poisoning-SSL,0.005,0.0504418762746431
yoochoose1_64,unpopular,freqrec,TC-SACP-G,0.005,0.0242709935954774
yoochoose1_64,unpopular,freqrec,TC-SACP-C,0.005,0.0250957100432931
diginetica,popular,mdhg,DPSBR,0.005,0.4014312004995234
diginetica,popular,mdhg,CREAT,0.005,0.2773932761510401
diginetica,popular,mdhg,Poisoning-SSL,0.005,0.4036527654540077
diginetica,popular,mdhg,TC-SACP-G,0.005,0.3014525617010089
diginetica,popular,mdhg,TC-SACP-C,0.005,0.2683772059548457
diginetica,unpopular,mdhg,DPSBR,0.005,0.2015873015873016
diginetica,unpopular,mdhg,CREAT,0.005,0.1434256794505241
diginetica,unpopular,mdhg,Poisoning-SSL,0.005,0.5040947780078214
diginetica,unpopular,mdhg,TC-SACP-G,0.005,0.5008856682769727
diginetica,unpopular,mdhg,TC-SACP-C,0.005,0.2609697985474383
yoochoose1_64,popular,mdhg,DPSBR,0.005,0.4540144548999964
yoochoose1_64,popular,mdhg,CREAT,0.005,0.3699846148341622
yoochoose1_64,popular,mdhg,Poisoning-SSL,0.005,0.4338491538158789
yoochoose1_64,popular,mdhg,TC-SACP-G,0.005,0.33597624244159
yoochoose1_64,popular,mdhg,TC-SACP-C,0.005,0.3380210383197968
yoochoose1_64,unpopular,mdhg,DPSBR,0.005,0.3734373322838026
yoochoose1_64,unpopular,mdhg,CREAT,0.005,0.364411964649898
yoochoose1_64,unpopular,mdhg,Poisoning-SSL,0.005,0.3252102043006905
yoochoose1_64,unpopular,mdhg,TC-SACP-G,0.005,0.586570181401839
yoochoose1_64,unpopular,mdhg,TC-SACP-C,0.005,0.5278507281119181
diginetica,popular,miasrec,DPSBR,0.005,0.2874675474054356
diginetica,popular,miasrec,CREAT,0.005,0.3097817871109796
diginetica,popular,miasrec,Poisoning-SSL,0.005,0.1689786059351276
diginetica,popular,miasrec,TC-SACP-G,0.005,0.2959463012258043
diginetica,popular,miasrec,TC-SACP-C,0.005,0.3355056032074666
diginetica,unpopular,miasrec,DPSBR,0.005,0.2802589634887771
diginetica,unpopular,miasrec,CREAT,0.005,0.2930822570574123
diginetica,unpopular,miasrec,Poisoning-SSL,0.005,0.1577574024778993
diginetica,unpopular,miasrec,TC-SACP-G,0.005,0.3280357553649479
diginetica,unpopular,miasrec,TC-SACP-C,0.005,0.3003269906996615
yoochoose1_64,popular,miasrec,DPSBR,0.005,0.2301495581237253
yoochoose1_64,popular,miasrec,CREAT,0.005,0.2340226841747468
yoochoose1_64,popular,miasrec,Poisoning-SSL,0.005,0.2572256610254392
yoochoose1_64,popular,miasrec,TC-SACP-G,0.005,0.238461125621668
yoochoose1_64,popular,miasrec,TC-SACP-C,0.005,0.2250796092883466
yoochoose1_64,unpopular,miasrec,DPSBR,0.005,0.2535010197144799
yoochoose1_64,unpopular,miasrec,CREAT,0.005,0.2406311495939032
yoochoose1_64,unpopular,miasrec,Poisoning-SSL,0.005,0.0808114780493041
yoochoose1_64,unpopular,miasrec,TC-SACP-G,0.005,0.2110200722744999
yoochoose1_64,unpopular,miasrec,TC-SACP-C,0.005,0.2100665497871122
diginetica,popular,srgnn,DPSBR,0.005,0.1365112228466265
diginetica,popular,srgnn,CREAT,0.005,0.1275641657629235
diginetica,popular,srgnn,Poisoning-SSL,0.005,0.077437641723356
diginetica,popular,srgnn,TC-SACP-G,0.005,0.166737322948503
diginetica,popular,srgnn,TC-SACP-C,0.005,0.1774622892635315
diginetica,unpopular,srgnn,DPSBR,0.005,0.1410365112228466
diginetica,unpopular,srgnn,CREAT,0.005,0.1289855072463768
diginetica,unpopular,srgnn,Poisoning-SSL,0.005,0.0660192579447237
diginetica,unpopular,srgnn,TC-SACP-G,0.005,0.1698724900588254
diginetica,unpopular,srgnn,TC-SACP-C,0.005,0.1715485227907588
yoochoose1_64,popular,srgnn,DPSBR,0.005,0.238255393752907
yoochoose1_64,popular,srgnn,CREAT,0.005,0.2149754910730258
yoochoose1_64,popular,srgnn,Poisoning-SSL,0.005,0.2911588965615943
yoochoose1_64,popular,srgnn,TC-SACP-G,0.005,0.260263336792014
yoochoose1_64,popular,srgnn,TC-SACP-C,0.005,0.2633045905041325
yoochoose1_64,unpopular,srgnn,DPSBR,0.005,0.2305216644602669
yoochoose1_64,unpopular,srgnn,CREAT,0.005,0.2091917421016852
yoochoose1_64,unpopular,srgnn,Poisoning-SSL,0.005,0.0960749937385953
yoochoose1_64,unpopular,srgnn,TC-SACP-G,0.005,0.254558302622634
yoochoose1_64,unpopular,srgnn,TC-SACP-C,0.005,0.2676231707753408
diginetica,popular,tron,DPSBR,0.005,0.2018748562226823
diginetica,popular,tron,CREAT,0.005,0.0729452167340366
diginetica,popular,tron,Poisoning-SSL,0.005,0.1310131782181471
diginetica,popular,tron,TC-SACP-G,0.005,0.0646028459693056
diginetica,popular,tron,TC-SACP-C,0.005,0.0447500739426205
diginetica,unpopular,tron,DPSBR,0.005,0.3656429721647113
diginetica,unpopular,tron,CREAT,0.005,0.1461960629662493
diginetica,unpopular,tron,Poisoning-SSL,0.005,0.2992572874560452
diginetica,unpopular,tron,TC-SACP-G,0.005,0.0578247724210457
diginetica,unpopular,tron,TC-SACP-C,0.005,0.0380377271681619
yoochoose1_64,popular,tron,DPSBR,0.005,0.7748059444633669
yoochoose1_64,popular,tron,CREAT,0.005,0.696258716813366
yoochoose1_64,popular,tron,Poisoning-SSL,0.005,0.64847354928921
yoochoose1_64,popular,tron,TC-SACP-G,0.005,0.5982754602656724
yoochoose1_64,popular,tron,TC-SACP-C,0.005,0.5248247674022551
yoochoose1_64,unpopular,tron,DPSBR,0.005,0.7980728895900184
yoochoose1_64,unpopular,tron,CREAT,0.005,0.71939659035907
yoochoose1_64,unpopular,tron,Poisoning-SSL,0.005,0.4439667999211229
yoochoose1_64,unpopular,tron,TC-SACP-G,0.005,0.6083627628488967
yoochoose1_64,unpopular,tron,TC-SACP-C,0.005,0.5082426545721814
diginetica,popular,wearec,DPSBR,0.005,0.0192250813368825
diginetica,popular,wearec,CREAT,0.005,0.0232639915869729
diginetica,popular,wearec,Poisoning-SSL,0.005,0.0355220349009168
diginetica,popular,wearec,TC-SACP-G,0.005,0.0194633408919123
diginetica,popular,wearec,TC-SACP-C,0.005,0.0213201222517992
diginetica,unpopular,wearec,DPSBR,0.005,0.0172828551710539
diginetica,unpopular,wearec,CREAT,0.005,0.0227513227513227
diginetica,unpopular,wearec,Poisoning-SSL,0.005,0.0271780209668408
diginetica,unpopular,wearec,TC-SACP-G,0.005,0.0171431857767261
diginetica,unpopular,wearec,TC-SACP-C,0.005,0.0195356403430937
yoochoose1_64,popular,wearec,DPSBR,0.005,0.1260062971841568
yoochoose1_64,popular,wearec,CREAT,0.005,0.0723013345736877
yoochoose1_64,popular,wearec,Poisoning-SSL,0.005,0.226534044151848
yoochoose1_64,popular,wearec,TC-SACP-G,0.005,0.1163261655157608
yoochoose1_64,popular,wearec,TC-SACP-C,0.005,0.0759222154638806
yoochoose1_64,unpopular,wearec,DPSBR,0.005,0.0852552864145407
yoochoose1_64,unpopular,wearec,CREAT,0.005,0.064725034884969
yoochoose1_64,unpopular,wearec,Poisoning-SSL,0.005,0.0704819492647321
yoochoose1_64,unpopular,wearec,TC-SACP-G,0.005,0.1086282156785573
yoochoose1_64,unpopular,wearec,TC-SACP-C,0.005,0.070430069054349
diginetica,popular,freqrec,TC-SACP-C,0.01,0.01692628742318178
diginetica,popular,mdhg,TC-SACP-C,0.01,0.42699891550823227
diginetica,popular,miasrec,TC-SACP-C,0.01,0.5921916592724046
diginetica,popular,srgnn,TC-SACP-C,0.01,0.32180485720858387
diginetica,popular,tron,TC-SACP-C,0.01,0.05460909001281668
diginetica,popular,wearec,TC-SACP-C,0.01,0.0450885668276972
diginetica,popular,freqrec,CREAT,0.01,0.015230536659108049
diginetica,popular,mdhg,CREAT,0.01,0.09386111932695777
diginetica,popular,miasrec,CREAT,0.01,0.35775082980051925
diginetica,popular,srgnn,CREAT,0.01,0.20413092773341215
diginetica,popular,tron,CREAT,0.01,0.01648427486936798
diginetica,popular,wearec,CREAT,0.01,0.05808603634690586
diginetica,popular,freqrec,TC-SACP-G,0.01,0.014864109895165761
diginetica,popular,mdhg,TC-SACP-G,0.01,0.5002924841434158
diginetica,popular,miasrec,TC-SACP-G,0.01,0.5475270301357258
diginetica,popular,srgnn,TC-SACP-G,0.01,0.2903217325577574
diginetica,popular,tron,TC-SACP-G,0.01,0.3104341253409576
diginetica,popular,wearec,TC-SACP-G,0.01,0.04587564494396787
diginetica,popular,freqrec,Poisoning-SSL,0.01,0.03785533537086328
diginetica,popular,mdhg,Poisoning-SSL,0.01,0.6028344671201814
diginetica,popular,miasrec,Poisoning-SSL,0.01,0.221308620066384
diginetica,popular,srgnn,Poisoning-SSL,0.01,0.11525518419928356
diginetica,popular,tron,Poisoning-SSL,0.01,0.2749876762299122
diginetica,popular,wearec,Poisoning-SSL,0.01,0.05621610963225866
diginetica,popular,freqrec,DPSBR,0.01,0.01582372079266483
diginetica,popular,mdhg,DPSBR,0.01,0.10186335403726703
diginetica,popular,miasrec,DPSBR,0.01,0.45448420914259424
diginetica,popular,srgnn,DPSBR,0.01,0.2565546025173354
diginetica,popular,tron,DPSBR,0.01,0.34958592132505173
diginetica,popular,wearec,DPSBR,0.01,0.04615005422458835
diginetica,unpopular,freqrec,TC-SACP-C,0.01,0.014990633934733261
diginetica,unpopular,mdhg,TC-SACP-C,0.01,0.38788984192710896
diginetica,unpopular,miasrec,TC-SACP-C,0.01,0.6312695126359722
diginetica,unpopular,srgnn,TC-SACP-C,0.01,0.32391961615564097
diginetica,unpopular,tron,TC-SACP-C,0.01,0.19849157054125996
diginetica,unpopular,wearec,TC-SACP-C,0.01,0.045090209997042247
diginetica,unpopular,freqrec,CREAT,0.01,0.01445496072825261
diginetica,unpopular,mdhg,CREAT,0.01,0.20016431693450323
diginetica,unpopular,miasrec,CREAT,0.01,0.3195044201255381
diginetica,unpopular,srgnn,CREAT,0.01,0.20409806434651148
diginetica,unpopular,tron,CREAT,0.01,0.0691232048374905
diginetica,unpopular,wearec,CREAT,0.01,0.04947747214827955
diginetica,unpopular,freqrec,TC-SACP-G,0.01,0.013891353642906371
diginetica,unpopular,mdhg,TC-SACP-G,0.01,0.7005603207466561
diginetica,unpopular,miasrec,TC-SACP-G,0.01,0.6154112852870617
diginetica,unpopular,srgnn,TC-SACP-G,0.01,0.28807059055506257
diginetica,unpopular,tron,TC-SACP-G,0.01,0.4426106674553879
diginetica,unpopular,wearec,TC-SACP-G,0.01,0.0530316474415853
diginetica,unpopular,freqrec,Poisoning-SSL,0.01,0.030438068947385676
diginetica,unpopular,mdhg,Poisoning-SSL,0.01,0.6022527851720398
diginetica,unpopular,miasrec,Poisoning-SSL,0.01,0.19333694830589238
diginetica,unpopular,srgnn,Poisoning-SSL,0.01,0.09567024877583881
diginetica,unpopular,tron,Poisoning-SSL,0.01,0.3553386572020112
diginetica,unpopular,wearec,Poisoning-SSL,0.01,0.04535311709224748
diginetica,unpopular,freqrec,DPSBR,0.01,0.0144352426961122
diginetica,unpopular,mdhg,DPSBR,0.01,0.30064412238325283
diginetica,unpopular,miasrec,DPSBR,0.01,0.5214137829044662
diginetica,unpopular,srgnn,DPSBR,0.01,0.24754181865983105
diginetica,unpopular,tron,DPSBR,0.01,0.47583226527325906
diginetica,unpopular,wearec,DPSBR,0.01,0.042814420454171956
yoochoose1_64,popular,freqrec,TC-SACP-C,0.01,0.11354789080110197
yoochoose1_64,popular,mdhg,TC-SACP-C,0.01,0.24532899209274034
yoochoose1_64,popular,miasrec,TC-SACP-C,0.01,0.38146445311102367
yoochoose1_64,popular,srgnn,TC-SACP-C,0.01,0.43958638949515183
yoochoose1_64,popular,tron,TC-SACP-C,0.01,0.39090941684742664
yoochoose1_64,popular,wearec,TC-SACP-C,0.01,0.19841318115138282
yoochoose1_64,popular,freqrec,CREAT,0.01,0.11190024687824247
yoochoose1_64,popular,mdhg,CREAT,0.01,0.32602776485741886
yoochoose1_64,popular,miasrec,CREAT,0.01,0.27230670149200326
yoochoose1_64,popular,srgnn,CREAT,0.01,0.2619825396257468
yoochoose1_64,popular,tron,CREAT,0.01,0.4960507681551727
yoochoose1_64,popular,wearec,CREAT,0.01,0.16309170274428417
yoochoose1_64,popular,freqrec,TC-SACP-G,0.01,0.1281423306737271
yoochoose1_64,popular,mdhg,TC-SACP-G,0.01,0.43593509606783776
yoochoose1_64,popular,miasrec,TC-SACP-G,0.01,0.3938298329099431
yoochoose1_64,popular,srgnn,TC-SACP-G,0.01,0.412250885541522
yoochoose1_64,popular,tron,TC-SACP-G,0.01,0.6440456769983687
yoochoose1_64,popular,wearec,TC-SACP-G,0.01,0.21856238148055382
yoochoose1_64,popular,freqrec,Poisoning-SSL,0.01,0.266043507817811
yoochoose1_64,popular,mdhg,Poisoning-SSL,0.01,0.4555028802461626
yoochoose1_64,popular,miasrec,Poisoning-SSL,0.01,0.35073168986368025
yoochoose1_64,popular,srgnn,Poisoning-SSL,0.01,0.3723299581380371
yoochoose1_64,popular,tron,Poisoning-SSL,0.01,0.5097843429001667
yoochoose1_64,popular,wearec,Poisoning-SSL,0.01,0.3186750867651794
yoochoose1_64,popular,freqrec,DPSBR,0.01,0.11503810512004002
yoochoose1_64,popular,mdhg,DPSBR,0.01,0.3680077999212852
yoochoose1_64,popular,miasrec,DPSBR,0.01,0.3690972843393323
yoochoose1_64,popular,srgnn,DPSBR,0.01,0.3700937421732441
yoochoose1_64,popular,tron,DPSBR,0.01,0.5565727909936719
yoochoose1_64,popular,wearec,DPSBR,0.01,0.21161937815306447
yoochoose1_64,unpopular,freqrec,TC-SACP-C,0.01,0.12200794303910692
yoochoose1_64,unpopular,mdhg,TC-SACP-C,0.01,0.3170775340799313
yoochoose1_64,unpopular,miasrec,TC-SACP-C,0.01,0.39360442234069193
yoochoose1_64,unpopular,srgnn,TC-SACP-C,0.01,0.44739704461698093
yoochoose1_64,unpopular,tron,TC-SACP-C,0.01,0.28532527831059634
yoochoose1_64,unpopular,wearec,TC-SACP-C,0.01,0.2000805037747325
yoochoose1_64,unpopular,freqrec,CREAT,0.01,0.10757987763426238
yoochoose1_64,unpopular,mdhg,CREAT,0.01,0.3915864610540627
yoochoose1_64,unpopular,miasrec,CREAT,0.01,0.28407993130344555
yoochoose1_64,unpopular,srgnn,CREAT,0.01,0.27913699953486704
yoochoose1_64,unpopular,tron,CREAT,0.01,0.4636824839108689
yoochoose1_64,unpopular,wearec,CREAT,0.01,0.16869297649289774
yoochoose1_64,unpopular,freqrec,TC-SACP-G,0.01,0.12178074349708394
yoochoose1_64,unpopular,mdhg,TC-SACP-G,0.01,0.5100468710866221
yoochoose1_64,unpopular,miasrec,TC-SACP-G,0.01,0.3791656230992164
yoochoose1_64,unpopular,srgnn,TC-SACP-G,0.01,0.4022451608286522
yoochoose1_64,unpopular,tron,TC-SACP-G,0.01,0.551167918541491
yoochoose1_64,unpopular,wearec,TC-SACP-G,0.01,0.23537693656302547
yoochoose1_64,unpopular,freqrec,Poisoning-SSL,0.01,0.08055923288847538
yoochoose1_64,unpopular,mdhg,Poisoning-SSL,0.01,0.5197735160470858
yoochoose1_64,unpopular,miasrec,Poisoning-SSL,0.01,0.131298078643243
yoochoose1_64,unpopular,srgnn,Poisoning-SSL,0.01,0.14218218898708357
yoochoose1_64,unpopular,tron,Poisoning-SSL,0.01,0.26518114837853823
yoochoose1_64,unpopular,wearec,Poisoning-SSL,0.01,0.12003828401731723
yoochoose1_64,unpopular,freqrec,DPSBR,0.01,0.13135532577194173
yoochoose1_64,unpopular,mdhg,DPSBR,0.01,0.3641883430534187
yoochoose1_64,unpopular,miasrec,DPSBR,0.01,0.3246395219864754
yoochoose1_64,unpopular,srgnn,DPSBR,0.01,0.36507567354824855
yoochoose1_64,unpopular,tron,DPSBR,0.01,0.4184733700231253
yoochoose1_64,unpopular,wearec,DPSBR,0.01,0.22668431786468207
diginetica,popular,freqrec,DPSBR,0.03,0.0957737684445759
diginetica,popular,freqrec,CREAT,0.03,0.1138979263202865
diginetica,popular,freqrec,Poisoning-SSL,0.03,0.0943836471786782
diginetica,popular,freqrec,TC-SACP-G,0.03,0.1012783857504354
diginetica,popular,freqrec,TC-SACP-C,0.03,0.0920717079102172
diginetica,unpopular,freqrec,DPSBR,0.03,0.1030825856912813
diginetica,unpopular,freqrec,CREAT,0.03,0.1208682506819152
diginetica,unpopular,freqrec,Poisoning-SSL,0.03,0.065984751388478
diginetica,unpopular,freqrec,TC-SACP-G,0.03,0.1106083012915311
diginetica,unpopular,freqrec,TC-SACP-C,0.03,0.0969207006474087
yoochoose1_64,popular,freqrec,DPSBR,0.03,0.3776700418619628
yoochoose1_64,popular,freqrec,CREAT,0.03,0.319619664388708
yoochoose1_64,popular,freqrec,Poisoning-SSL,0.03,0.4218916598089377
yoochoose1_64,popular,freqrec,TC-SACP-G,0.03,0.3628913377938387
yoochoose1_64,popular,freqrec,TC-SACP-C,0.03,0.3650094815556907
yoochoose1_64,unpopular,freqrec,DPSBR,0.03,0.3644423771870192
yoochoose1_64,unpopular,freqrec,CREAT,0.03,0.2794464918243944
yoochoose1_64,unpopular,freqrec,Poisoning-SSL,0.03,0.1791262656982361
yoochoose1_64,unpopular,freqrec,TC-SACP-G,0.03,0.3681097713692797
yoochoose1_64,unpopular,freqrec,TC-SACP-C,0.03,0.3677770224337185
diginetica,popular,mdhg,DPSBR,0.03,0.2016743895625883
diginetica,popular,mdhg,CREAT,0.03,0.3822932071379276
diginetica,popular,mdhg,Poisoning-SSL,0.03,0.7026109960892569
diginetica,popular,mdhg,TC-SACP-G,0.03,0.4008988136317329
diginetica,popular,mdhg,TC-SACP-C,0.03,0.2452956061651713
diginetica,unpopular,mdhg,DPSBR,0.03,0.3016760327319334
diginetica,unpopular,mdhg,CREAT,0.03,0.2794143744454304
diginetica,unpopular,mdhg,Poisoning-SSL,0.03,0.4974218672976437
diginetica,unpopular,mdhg,TC-SACP-G,0.03,0.4015429360149857
diginetica,unpopular,mdhg,TC-SACP-C,0.03,0.2449291794012291
yoochoose1_64,popular,mdhg,DPSBR,0.03,0.336203441983613
yoochoose1_64,popular,mdhg,CREAT,0.03,0.2179541307381301
yoochoose1_64,popular,mdhg,Poisoning-SSL,0.03,0.4797720848688683
yoochoose1_64,popular,mdhg,TC-SACP-G,0.03,0.5008139826111847
yoochoose1_64,popular,mdhg,TC-SACP-C,0.03,0.3530126301477691
yoochoose1_64,unpopular,mdhg,DPSBR,0.03,0.4185731153171849
yoochoose1_64,unpopular,mdhg,CREAT,0.03,0.1120827221009696
yoochoose1_64,unpopular,mdhg,Poisoning-SSL,0.03,0.2586371605424165
yoochoose1_64,unpopular,mdhg,TC-SACP-G,0.03,0.7390640094457762
yoochoose1_64,unpopular,mdhg,TC-SACP-C,0.03,0.5645014132884898
diginetica,popular,miasrec,DPSBR,0.03,0.7500427224029709
diginetica,popular,miasrec,CREAT,0.03,0.3621988892175227
diginetica,popular,miasrec,Poisoning-SSL,0.03,0.335328140918203
diginetica,popular,miasrec,TC-SACP-G,0.03,0.74522659305268
diginetica,popular,miasrec,TC-SACP-C,0.03,0.8778977291399652
diginetica,unpopular,miasrec,DPSBR,0.03,0.7851851851851852
diginetica,unpopular,miasrec,CREAT,0.03,0.3598130073285353
diginetica,unpopular,miasrec,Poisoning-SSL,0.03,0.3117388018009136
diginetica,unpopular,miasrec,TC-SACP-G,0.03,0.755125045187157
diginetica,unpopular,miasrec,TC-SACP-C,0.03,0.8774606460941865
yoochoose1_64,popular,miasrec,DPSBR,0.03,0.561182868796737
yoochoose1_64,popular,miasrec,CREAT,0.03,0.2677340870871945
yoochoose1_64,popular,miasrec,Poisoning-SSL,0.03,0.4932341049769222
yoochoose1_64,popular,miasrec,TC-SACP-G,0.03,0.5770116998819278
yoochoose1_64,popular,miasrec,TC-SACP-C,0.03,0.6612991520269061
yoochoose1_64,unpopular,miasrec,DPSBR,0.03,0.5559912698128735
yoochoose1_64,unpopular,miasrec,CREAT,0.03,0.3010089806433146
yoochoose1_64,unpopular,miasrec,Poisoning-SSL,0.03,0.2701545672474865
yoochoose1_64,unpopular,miasrec,TC-SACP-G,0.03,0.5748559876918673
yoochoose1_64,unpopular,miasrec,TC-SACP-C,0.03,0.6144495330781066
diginetica,popular,srgnn,DPSBR,0.03,0.4901607019619441
diginetica,popular,srgnn,CREAT,0.03,0.3405353445726116
diginetica,popular,srgnn,Poisoning-SSL,0.03,0.1980051924151303
diginetica,popular,srgnn,TC-SACP-G,0.03,0.5493755956488876
diginetica,popular,srgnn,TC-SACP-C,0.03,0.6445446777744914
diginetica,unpopular,srgnn,DPSBR,0.03,0.4986542443064182
diginetica,unpopular,srgnn,CREAT,0.03,0.3357915146735022
diginetica,unpopular,srgnn,Poisoning-SSL,0.03,0.1673091458805744
diginetica,unpopular,srgnn,TC-SACP-G,0.03,0.5458312793716521
diginetica,unpopular,srgnn,TC-SACP-C,0.03,0.6469387755102041
yoochoose1_64,popular,srgnn,DPSBR,0.03,0.5855790904862428
yoochoose1_64,popular,srgnn,CREAT,0.03,0.3175194103545744
yoochoose1_64,popular,srgnn,Poisoning-SSL,0.03,0.4927385595191241
yoochoose1_64,popular,srgnn,TC-SACP-G,0.03,0.6256127231743533
yoochoose1_64,popular,srgnn,TC-SACP-C,0.03,0.746608107624602
yoochoose1_64,unpopular,srgnn,DPSBR,0.03,0.5869243980106623
yoochoose1_64,unpopular,srgnn,CREAT,0.03,0.3145228809617517
yoochoose1_64,unpopular,srgnn,Poisoning-SSL,0.03,0.242912089877992
yoochoose1_64,unpopular,srgnn,TC-SACP-G,0.03,0.6224247736949444
yoochoose1_64,unpopular,srgnn,TC-SACP-C,0.03,0.7486779491216144
diginetica,popular,tron,DPSBR,0.03,0.4210950080515298
diginetica,popular,tron,CREAT,0.03,0.0142774984389891
diginetica,popular,tron,Poisoning-SSL,0.03,0.5524992605737947
diginetica,popular,tron,TC-SACP-G,0.03,0.4706677840218213
diginetica,popular,tron,TC-SACP-C,0.03,0.224021492655033
diginetica,unpopular,tron,DPSBR,0.03,0.5014344868382136
diginetica,unpopular,tron,CREAT,0.03,0.1946794176607841
diginetica,unpopular,tron,Poisoning-SSL,0.03,0.4622679023300141
diginetica,unpopular,tron,TC-SACP-G,0.03,0.3712313911071675
diginetica,unpopular,tron,TC-SACP-C,0.03,0.1938463308028525
yoochoose1_64,popular,tron,DPSBR,0.03,0.5189663517559113
yoochoose1_64,popular,tron,CREAT,0.03,0.060419841170249
yoochoose1_64,popular,tron,Poisoning-SSL,0.03,0.4601616980083538
yoochoose1_64,popular,tron,TC-SACP-G,0.03,0.4616711184411021
yoochoose1_64,popular,tron,TC-SACP-C,0.03,0.4122169836688596
yoochoose1_64,unpopular,tron,DPSBR,0.03,0.5302117132459709
yoochoose1_64,unpopular,tron,CREAT,0.03,0.0847695534481831
yoochoose1_64,unpopular,tron,Poisoning-SSL,0.03,0.3643923776060807
yoochoose1_64,unpopular,tron,TC-SACP-G,0.03,0.4552964164709678
yoochoose1_64,unpopular,tron,TC-SACP-C,0.03,0.4071580947600523
diginetica,popular,wearec,DPSBR,0.03,0.2703325774754346
diginetica,popular,wearec,CREAT,0.03,0.2639406487232574
diginetica,popular,wearec,Poisoning-SSL,0.03,0.1162591606690985
diginetica,popular,wearec,TC-SACP-G,0.03,0.2547389003910743
diginetica,popular,wearec,TC-SACP-C,0.03,0.2439662821650399
diginetica,unpopular,wearec,DPSBR,0.03,0.2824854579512965
diginetica,unpopular,wearec,CREAT,0.03,0.3093397745571659
diginetica,unpopular,wearec,Poisoning-SSL,0.03,0.0900670413092773
diginetica,unpopular,wearec,TC-SACP-G,0.03,0.2369680239245456
diginetica,unpopular,wearec,TC-SACP-C,0.03,0.2210374971244536
yoochoose1_64,popular,wearec,DPSBR,0.03,0.4849583169344162
yoochoose1_64,popular,wearec,CREAT,0.03,0.3517764499624315
yoochoose1_64,popular,wearec,Poisoning-SSL,0.03,0.4947511538874378
yoochoose1_64,popular,wearec,TC-SACP-G,0.03,0.46382875952628
yoochoose1_64,popular,wearec,TC-SACP-C,0.03,0.4673351461590754
yoochoose1_64,unpopular,wearec,DPSBR,0.03,0.4832766825288919
yoochoose1_64,unpopular,wearec,CREAT,0.03,0.3564832373251279
yoochoose1_64,unpopular,wearec,Poisoning-SSL,0.03,0.2105603062721385
yoochoose1_64,unpopular,wearec,TC-SACP-G,0.03,0.4883913556835665
yoochoose1_64,unpopular,wearec,TC-SACP-C,0.03,0.4824734337543382
